"Title","WorkoutType","WorkoutDescription","PlannedDuration","PlannedDistanceInMeters","WorkoutDay","CoachComments","DistanceInMeters","PowerAverage","PowerMax","Energy","AthleteComments","TimeTotalInHours","VelocityAverage","VelocityMax","CadenceAverage","CadenceMax","HeartRateAverage","HeartRateMax","TorqueAverage","TorqueMax","IF","TSS","HRZone1Minutes","HRZone2Minutes","HRZone3Minutes","HRZone4Minutes","HRZone5Minutes","HRZone6Minutes","HRZone7Minutes","HRZone8Minutes","HRZone9Minutes","HRZone10Minutes","PWRZone1Minutes","PWRZone2Minutes","PWRZone3Minutes","PWRZone4Minutes","PWRZone5Minutes","PWRZone6Minutes","PWRZone7Minutes","PWRZone8Minutes","PWRZone9Minutes","PWRZone10Minutes","Rpe","Feeling"
"Corrida cont√≠nua","Run","","1.49722222222222","12000","2025-08-05","","11310.169921875","","","","","1.26592028141022","2.48200011253357","","155","","174","182","","","0.925321101877854","120.77","1","1","2","4","1","9","57","","","","","","","","","","","","","","","5"
"Foco em z4 (Moderado firme)","Run","","1.47583333333333","14000","2025-08-09","PSE - Percep√ß√£o Subjetiva de Esfor√ßo Z2- Low Aerobic/Aer√≥bico Leve: 1-2 Z3- Moderate Aerobic/Aer√≥bico Moderado: 2-3 Z4- High Aerobic/Aer√≥bico Intenso/Race Pace: 4-5 Z6- Threshold/Limiar: 6-7 Z8- Vo2: 8 Z10- Cap. Anaer√≥bica: 9-10","14008.23046875","","",""," *08/09/2025 Joyce Barros Lyra: Temp 28¬∞C Umidade 75% Hor√°rio de sa√≠da: 06:30 Pr√©-treino : uma bananada Prepara√ß√£o intra-treino : 2 CP repor salt + z2 40g carbo + 100mg cafe√≠na + 300 ml √°gua  . Outra garrafa com 350 ml √°gua pura Vento forte contra a partir do 4¬∞ km , qdo cheguei na praia (av litoranea) . N√£o consegui aumentar o ritmo. Qdo fiz a virada com 7,5km , a√≠ melhorou muito o ritmo e menor sensa√ß√£o de esfor√ßo com vento a favor . Ingest√£o de aprox 150 ml da mistura com carbo no km 6. √Ågua 100 ml km 8 Mais 100 ml no km 10 e o restante ao t√©rmino. Restante da √°gua no t√©rmino Cada garrafinha de silicone comporta volume 350ml .* *08/12/2025 SAAB SPORTS: comentarios maravilhoso!! alem da alimenta√ßao, me fala a PSE ta? importante para mim nesse moderado 6:42 aquecimento otimo em 7:20*","1.610555768013","2.41599988937378","","153","","168","181","","","0.778977079847548","109.6","1","3","8","10","7","38","30","","","","","","","","","","","","","","6","3"
"Aer√≥bico Leve 40min","Run","Aer√≥bico confort√°vel/ Leve","0.666666666666667","","2025-08-12","PSE - Percep√ß√£o Subjetiva de Esfor√ßo Z2- Low Aerobic/Aer√≥bico Leve: 1-2 Z3- Moderate Aerobic/Aer√≥bico Moderado: 2-3 Z4- High Aerobic/Aer√≥bico Intenso/Race Pace: 4-5 Z6- Threshold/Limiar: 6-7 Z8- Vo2: 8 Z10- Cap. Anaer√≥bica: 9-10","6010.259765625","","",""," *08/12/2025 Joyce Barros Lyra: Hor√°rio : 05:30 Temp: 25¬∞C Umidade: 86% Chuvinha leve Bom dia ! Uma banana antes de sair de casa . Corrida leve . ‚ÄúPace fofoca‚Äù. 2 km pareceram uma eternidade üòÇ. Mas depois comecei a curtir . Precisei tirar a m√∫sica , pra diminuir a vontade de querer acelerar . 250 ml de √°gua (pura) de 3 a 6km . √öltimo km (ap√≥s 40 min do planejado) fiz uma caminhada r√°pida s√≥ pra registrar a frequ√™ncia card√≠aca no desaquecimento e vcs terem essa refer√™ncia.* *08/12/2025 SAAB SPORTS: Raquel aqui: gostei que n√£o foi em jejum e que levou √°gua! Nesse. treino n√£o precisaria de nada mesmo :)* *08/12/2025 SAAB SPORTS: oiiii Joyce, Talita aqui obrigada pelo Feedback tirei a parte da caminhada e o pace por 40 min ficou a 7:40. FC de 150 apos na caminhada, FC 123 O pace esta mot leve aqui ne? so para confirmar, vou deixar mais na casa dos 6:00 altos nesses aerobicos ok? acha que fica confort√°vel certo? esse pace da parte da corrida, de 0 a 10, qual a Percep√ß√£o de esfor√ßo?* *08/12/2025 SAAB SPORTS: estranho que tinha ajustado a zona com um limiar melhor, mas nao salvou.. Agora coloquei LIMIAR de 5:30 acho que o protocolo PZI vai ficar melhor para vc vamos ver isso no proximo treino ta?* *08/15/2025 Joyce Barros Lyra: O treino de ontem j√° foi com esse ajuste de limiar 5:30 ?*","0.822918653488159","2.02900004386902","","138","","145","174","","","0.671666252727781","40.92","11","5","23","10","0","0","0","","","","","","","","","","","","","","","5"
"Race Pace 1.5k leve/1k Intenso","Run","10k sendo 1.5k aer√≥bico leve 1k em race pace","1.1","10000","2025-08-14","PSE - Percep√ß√£o Subjetiva de Esfor√ßo Z2- Low Aerobic/Aer√≥bico Leve: 1-2 Z3- Moderate Aerobic/Aer√≥bico Moderado: 2-3 Z4- High Aerobic/Aer√≥bico Intenso/Race Pace: 4-5 Z6- Threshold/Limiar: 6-7 Z8- Vo2: 8 Z10- Cap. Anaer√≥bica: 9-10","10013.599609375","","",""," *08/14/2025 Joyce Barros Lyra: Boa noite Hor√°rio de sa√≠da : 19:00 Temp: 27¬∞C Umidade : 80% N√£o consegui acordar de manh√£ . N√£o tive um sono reparador . Levei um gel sudract sem cafe√≠na pra n√£o interferir no meu sono e um sach√™ de liquidz dilu√≠do em 300 ml de √°gua . Em alguns momentos me perdi no treino e acabei correndo mais r√°pido qdo era pra estar correndo ou mais lenta do que deveria . Mas depois percebi e me situei . Usei o gel a partir de 5km . O come√ßo √© sempre arrastado , me sinto pesada . Mas depois parece que vou entrando no clima e come√ßo a curtir e entro numa curva ascendente . Check out my run on Stryd! https://www.stryd.com/powercenter/run/6348757059141632* *08/15/2025 SAAB SPORTS: ah, normal voce se perder um pouco assim, mas √© muito importante voce ajustar a sua percep√ß√£o de esfor√ßo e principalmente saber se a intensidade moderada com esse pace esta em coer√™ncia ta ? ficou muito bom os 1km no inteso 6:03 depois o fraco foi um pouco forte. ( 6:40) depois 6:06 depois caiu pra casa dos 7:00 dois de 1km e no ultimo foi para o 7:17 veja so para nao queimar largada no inicio ta? isso faz vc ficar mais cansada que o normal e depois acaba ficando sem combust√≠vel no final! 213 de potencia no inicio.. e 188 no leve o leve teria que ser mais leve ta? no 6:17 do final foi ate para 200.. caindo quase 15w* *08/15/2025 Joyce Barros Lyra: Oieee Obrigada pelos feedbacks Deu certo o link do stryd por aqui ? ‚Äúno 6:17 do final foi ate para 200.. caindo quase 15w‚Äù significa que a corrida estava mais eficiente , certo ?*","1.17741811275482","2.36199998855591","","150","","167","182","","","0.779728143250059","79.61","2","3","2","5","16","23","19","","","","","","","","","","","","","","6","3"
"Race pace 1/2","Run","20min aquecimento leve 45min m√©dio, intenso (prov√°vel ritmo para 1/2 maratona) 10min trote leve","1.25","","2025-08-16","PSE - Percep√ß√£o Subjetiva de Esfor√ßo Z2- Low Aerobic/Aer√≥bico Leve: 1-2 Z3- Moderate Aerobic/Aer√≥bico Moderado: 2-3 Z4- High Aerobic/Aer√≥bico Intenso/Race Pace: 4-5 Z6- Threshold/Limiar: 6-7 Z8- Vo2: 8 Z10- Cap. Anaer√≥bica: 9-10","12572.1298828125","","",""," *08/16/2025 Joyce Barros Lyra: Bom dia Hor√°rio de sa√≠da : 05:45 Temp: 27¬∞C Umidade: 83% Obs : desativei o autolap do garmin Pr√©-treino : 1/2 banana Beta-alanina Z2 Pitaya Me sentindo bem disposta e motivada no in√≠cio do treino . Me empolguei , meu motor estava a propuls√£o üòÇ, mas segurei o ritmo pra n√£o queimar a largada . Com 20min , Z2 double expresso, consegui sustentar o ritmo < 6:30 a maior parte do tempo , em alguns momentos cheguei baixo de 6. Na volta , na subida da ladeira no come√ßo da praia , por volta de 8km mantive firme . Por volta de 8,5km , com 60 min , ap√≥s a ladeira consumi o segundo double expresso . Me enrolei um pouco na hora de abrir o Gel e a respira√ß√£o dessincronizou um pouco , mas logo recuperei . Da pr√≥xima vez vou dar um pic no sach√™ pra facilitar a abertura . Estendi um pouco a mais o tempo do que era previsto para fechar a rota at√© minha casa e , acima de tudo , pq estava me sentindo bem disposta e aproveitei o up da cafe√≠na do 2¬∞ double expresso . N√£o tive desconforto g√°strico . Tolerei bem a cafe√≠na , sem palpita√ß√µes . Ao t√©rmino do treino coloquei as panturrilhas na piscina da frozen ü•∂. Obs2: ontem fiz fortalecimento de MMII no pilates . Beijos Bom fds* *08/16/2025 Joyce Barros Lyra: Check out my run on Stryd! https://www.stryd.com/powercenter/run/6662169848872960* *08/16/2025 Joyce Barros Lyra: Perda de suor estimada : 508 ml 300 ml √°gua pura durante a corrida 300 ml com liquidz ao t√©rmino* *08/18/2025 SAAB SPORTS: oiiii Joy, talita aqui!! que bom que esta se sentindo bem e animada mas realmente, cuidado com essa largada mto forte para nao queimar! mas ficou mais ajustado aqui pelo que vi 20min: 184NP - 7:00. FC 156 45min um pouco forte no come√ßo mas a media deu bom e mais forte que o aquecimento, isso que importa acha que a PSE foi moderado? 6:27 -  201NP FC um pouco alta eu achei para moderado. FC 176 vamos companhando isso. como vc ficou depois no domingo? bem? quando ao fortalecimento, pede para o seu personal segui o que colocamos aqui para vc para testar.. o que acha?* *08/18/2025 Joyce Barros Lyra: Oi Talita Ent√£o , acredito que a FC subiu um pouco mais pq estava sob efeito de 200 mg de cafe√≠na que ingeri com 20 min . Percep√ß√£o de esfor√ßo moderado. T√° bem , vou seguir o roteiro do o personal .* *08/18/2025 Joyce Barros Lyra: Com 60 min ingeri outro double expresso (+ 200 mg cafe√≠na )*","1.41084504127502","2.47499990463257","","155","","170","183","","","0.818428292038163","105.63","1","2","3","9","4","23","41","","","","","","","","","","","","","","6",""
"Longo Progressivo","Run","Progressivo: 25 min Z2 (Aer√≥bico Leve) 20 min Z3 (Aer√≥bico Moderado) 15 min Z4 (Aer√≥bico Intenso) 10 min leve em Z2 (Aer√≥bico Leve)","0.916666666666667","","2025-08-19","PSE - Percep√ß√£o Subjetiva de Esfor√ßo Z2- Low Aerobic/Aer√≥bico Leve: 1-2 Z3- Moderate Aerobic/Aer√≥bico Moderado: 2-3 Z4- High Aerobic/Aer√≥bico Intenso/Race Pace: 4-5 Z6- Threshold/Limiar: 6-7 Z8- Vo2: 8 Z10- Cap. Anaer√≥bica: 9-10","10003.0302734375","","",""," *08/19/2025 Joyce Barros Lyra: Bom dia Temp: 26¬∞C Umidade: 85% Rajadas de vento Pr√©- treino 1/2 banana Supercoffee Beta-alanina Segui o treino conforme prescrito , progressivamente. Testei o hidrogel da dobro com 5km imediatamente antes de entrar em Z4. Num primeiro momento estranhei a consist√™ncia gelatinosa , depois achei interessante que √© mais dif√≠cil de se engasgar . Sabor mais ou menos . Acho que ainda prefiro o double espresso Z2.* *08/19/2025 Joyce Barros Lyra: Check out my run on Stryd! https://www.stryd.com/powercenter/run/6585069045448704* *08/19/2025 Joyce Barros Lyra: Sobre a percep√ß√£o de esfor√ßo  . Z2- 2 Z3- 3-4 Z4- 5-6* *08/19/2025 Joyce Barros Lyra: Ainda estou melhorando essa percep√ß√£o . Mas foi bom o treino Fiquei satisfeita* *08/19/2025 Joyce Barros Lyra: Obs : o gel s√≥ tinha 20g de carbo e foi sem cafe√≠na* *08/20/2025 SAAB SPORTS: Talita aqui! achei otima a PSE, era exatamente que eu queria que tivesse como pratica esse treino! Sabe que esse treino, √© uma das formas mais legais, fazer sem olhar o rel√≥gio, por feeling rs mas ficou perfeito adorei o z4 a 5:49 dava para manter mais tempo nesse pace? FC ficou em 171 aqui e PW 230 como anota√ß√£o daqui uns dias vamos trabalhar mais essa zona para que vc comece a acostumar com a z4, a zona fora do confort√°vel!* *08/20/2025 Joyce Barros Lyra: Oi Talita Sim Acho que conseguiria manter mais uns 5 min a 5:49. Da pr√≥xima vez vou fazer o treino olhando o m√≠nimo poss√≠vel o rel√≥gio . Obrigada por me acompanhar nessa jornada . üôèüèª* *08/20/2025 SAAB SPORTS: otimo, bom saber Jo!! imagine!! uma honra te acompanhar nisso!! :)*","1.11781418323517","2.48600006103516","","154","","160","179","","","0.820284565169934","83.55","4","2","12","15","15","14","5","","","","","","","","","","","","","","",""
"fartlek 4x 2'/3'","Run","15min aquec 25min 2min intenso 3min z2 10min trote leve","0.75","","2025-08-22","PSE - Percep√ß√£o Subjetiva de Esfor√ßo Z2- Low Aerobic/Aer√≥bico Leve: 1-2 Z3- Moderate Aerobic/Aer√≥bico Moderado: 2-3 Z4- High Aerobic/Aer√≥bico Intenso/Race Pace: 4-5 Z6- Threshold/Limiar: 6-7 Z8- Vo2: 8 Z10- Cap. Anaer√≥bica: 9-10","","","","","","","","","","","","","","","","","","","","","","","","","","","","","","","","","","","","","",""
"5x 2km Race Pace z4/5","Run","2km aquec. 5x 2km race pace (menos 5-10seg) com 2min 2km leve","1.61527777777778","14000","2025-08-23","PSE - Percep√ß√£o Subjetiva de Esfor√ßo Z2- Low Aerobic/Aer√≥bico Leve: 1-2 Z3- Moderate Aerobic/Aer√≥bico Moderado: 2-3 Z4- High Aerobic/Aer√≥bico Intenso/Race Pace: 4-5 Z6- Threshold/Limiar: 6-7 Z8- Vo2: 8 Z10- Cap. Anaer√≥bica: 9-10","14055.009765625","","",""," *08/23/2025 Joyce Barros Lyra: Bom dia Temp : 27¬∞C Umidade: 78% Pr√©-treino : beta alanina 2g + 1 banana Obs: n√£o tinha p√£o üòÇ No come√ßo acho que o rel√≥gio deu uma descompensada . Marcou um pace de 9 , qdo eu estava certamente aquecendo a 6:50. Ent√£o desconsidere . No primeiro race pace cheguei a 5 de ritmo . Mas tive a sensa√ß√£o realmente de dar uma queimada da largada. Sinto que meu desempenho √© melhor depois dos 7km . Dessa vez n√£o tomei o gel com cafe√≠na antes de come√ßar . E tb senti um pouco a resist√™ncia do vento at√© 7,5km . Melhorou depois com o vento a favor . Subi o ladeir√£o do come√ßo da praia com mais ou menos 1hora de treino e foi satisfat√≥rio sustentar o pace de 6. Double expresso Z2 com 30 min de treino e xtratus 40g carbo + 300mg Na+ com 60 min no lugar do gel de pitaya . Gostei bastante do sabor e consist√™ncia . Esperava conseguir baixar um pouco mais meu pace . Mas no fim consegui manter o ritmo m√©dio previsto . A pr√≥xima vai ser melhor. O ritmo de 6:50 √© um ritmo que consigo sustentar bem . Eu conseguiria manter mais alguns km al√©m dos 14 nesse ritmo . Tb me sinto bem mais pesada no ciclo menstrual (hoje D3/5). Felizmente na meia maratona j√° vai ter passado o ciclo üôåüèª. P√≥s treino Jungle . Caf√© da manh√£ Batata doce Ovos Salada de frutas Caf√©* *08/23/2025 Joyce Barros Lyra: Obs : O ladeirao que subi empolgada foi retornando. . √â no come√ßo da praia mas j√° na volta pra casa  .* *08/23/2025 Joyce Barros Lyra: Check out my run on Stryd! https://www.stryd.com/powercenter/run/6594717278437376* *08/23/2025 Joyce Barros Lyra: Perda de suor estimada : 1348 ml* *08/25/2025 SAAB SPORTS: oiii vamos tomar esse cuidado com o ciclo menstrutal ta Joyce, sempre me avise para deixamos treinos mais leves.. regenerativos pois nessa fase, muitas meulheres tem essa sensa√ß√£o mesmo e nao adianta fazer treinos forte ontem nao conseguimos dar tudo de n√≥s no teste de ergo, vai ate nos mostrar isso, onde vc atinge seu ponto melhor para aquecer e podemos dar mais forte ou nao, com esse exemplo que falou do 7k em subidas, tenta ir mais pela PSE e n ao em manter o pace! nao vai conseguir mesmo ai vamos olhar mais a potencia e a PSE mas resumindo, gostei da varia√ß√£o de pace, o 2km. mais moderados.. o mais leve, podemos tentar um mais leve ainda para vc se recuperar bem ta? dava para se recuperar nesses 2km? como se sentia para come√ßar novamente o 2km moderado? ah, na quinta nos falamos melhor pessoalmente sobre tudo isso bj.. talita* *08/25/2025 Joyce Barros Lyra: Oieee Vou avisar sobre o ciclo ent√£o . J√° finalizou üôåüèª Da pra sinalizar aqui no TP ? Pq no garmin tem uma parte de sa√∫de da mulher  . Sim , conseguia recuperar sim nos intervalos . Animada pra te encontrar na quinta üôåüèª*","1.59668755531311","2.4449999332428","","153","","165","182","","","0.80834668140791","117.04","3","5","6","8","23","43","8","","","","","","","","","","","","","","5","3"
"OFF","Day Off","","","","2025-08-24","","","","","","","","","","","","","","","","","","","","","","","","","","","","","","","","","","","","","","",""
"Regenerativo 40'","Run","regenerativo","0.666666666666667","","2025-08-26","PSE - Percep√ß√£o Subjetiva de Esfor√ßo Z2- Low Aerobic/Aer√≥bico Leve: 1-2 Z3- Moderate Aerobic/Aer√≥bico Moderado: 2-3 Z4- High Aerobic/Aer√≥bico Intenso/Race Pace: 4-5 Z6- Threshold/Limiar: 6-7 Z8- Vo2: 8 Z10- Cap. Anaer√≥bica: 9-10","5355.35009765625","170","185","410.828"," *08/27/2025 SAAB SPORTS: e ai?? como se sentiu?*","0.670589208602905","2.21799993515015","","142","","155","169","","","0.959763583670068","61.11","4","5","2","24","6","0","0","","","","1","0","7","32","0","0","","","","","3","5"
"TESTES - fc 150 e limiar de 6:00 a 5:30 - deixando a 5:40","Run","fc 150 e limiar de 6:00 a 5:30 - deixando a 5:40","0.666666666666667","","2025-08-28","","","","",""," *08/28/2025 SAAB SPORTS: fc 150 e limiar de 6:00 a 5:30 - deixando a 5:40 chegou no max 12*","","","","","","","","","","","","","","","","","","","","","","","","","","","","","","","","",""
"2x30min Z2/Z3","Run","30 min Z2 (Aer√≥bico Leve) 1 min trotando ou caminhando. 30 min Z3 (Aer√≥bico Moderado)","1.01666666666667","","2025-08-30","PSE - Percep√ß√£o Subjetiva de Esfor√ßo Z2- Low Aerobic/Aer√≥bico Leve: 1-2 Z3- Moderate Aerobic/Aer√≥bico Moderado: 2-3 Z4- High Aerobic/Aer√≥bico Intenso/Race Pace: 4-5 Z6- Threshold/Limiar: 6-7 Z8- Vo2: 8 Z10- Cap. Anaer√≥bica: 9-10","11827.240234375","185","233","911.818"," *08/31/2025 SAAB SPORTS: nutriiii aqui, cade nossos coment√°rios perfeitos?* *08/31/2025 Joyce Barros Lyra: U√© , n√£o sei o que houve . Mas est√° tudo comentado.* *08/31/2025 Joyce Barros Lyra: Umidade : 82% Temperatura : 21¬∞C Sa√≠ em jejum . Z2 double expresso com 30 min . A corrida do ponto de vista cardiovascular foi √≥timo . Mas foi um verdadeiro perrengue chique. Corrida em b√∫zios , com chuva, j√° batizando meu hoka na estreia . Adorei correr com o Clifton 10 . Trajet√≥ria com um pouco de inclina√ß√£o , terreno irregular alternando entre paralelep√≠pedos , asfalto , terra . No final virou uma corrida de obst√°culos desviando dos buracos, lama e po√ßas de √°gua, preocupada em torcer meu p√©. Meu t√™nis ficou encharcado . A chuva e o clima agrad√°vel sem vento acredito que contribu√≠ram para aumentar o rendimento . Fui seguindo o ritmo do meu marido . Na volta acelerei (depois dos 7km) um pouco a frente dele. Mas segurei um pouquinho o ritmo pra n√£o deix√°-lo muito pra tr√°s. Percep√ß√£o de esfor√ßo de leve a moderado .* *08/31/2025 Joyce Barros Lyra: Perda de suor: 931 ml* *08/31/2025 Joyce Barros Lyra: Check out my run on Stryd! https://www.stryd.com/powercenter/run/6589697568964608* *08/31/2025 Joyce Barros Lyra: Veja que bug que deu que n√£o apareceram pra vc Meus coment√°rios.* *08/31/2025 Joyce Barros Lyra: Comentei no s√°bado mesmo* *09/02/2025 SAAB SPORTS: apareceu sim para n√≥s aqui Joy!!! gostei mto do treino!! gostei do final para 6:47 isso foi pse de z4 - moderado ?* *09/03/2025 Joyce Barros Lyra: Sim PSE moderado*","1.36989140510559","2.39800000190735","","151","","160","173","","","1.03444574859607","145.55","5","3","5","40","21","9","0","","","","1","0","4","48","29","0","","","","","",""
"OFF","Day Off","","","","2025-08-31","","","","","","","","","","","","","","","","","","","","","","","","","","","","","","","","","","","","","","",""
"Aviso de vencimento do plano de treinamento","Other","Aviso de Vencimento ‚Äì Plano de Treinamento Lembre-se de manter o pagamento em dia para evitar juros e multas por atraso. Dados para pagamento Pix (CPF): 048.635.329-03 ‚Äì Guilherme Benites ‚úÖ Caso j√° tenha realizado o pagamento, desconsidere essa mensagem. Ap√≥s o dep√≥sito, o comprovante deve ser enviado para Rosana no WhatsApp: +55 15 99245-0404, para que a baixa seja realizada corretamente.","","","2025-09-01","","","","","","","","","","","","","","","","","","","","","","","","","","","","","","","","","","","","","","",""
"speed form 6x 40""/1'20""","Run","20min aquecimento 6x 40seg forte Z8 com 1min20 confort√°vel complete em ritmo leve","0.75","","2025-09-02","PSE - Percep√ß√£o Subjetiva de Esfor√ßo Z2- Low Aerobic/Aer√≥bico Leve: 1-2 Z3- Moderate Aerobic/Aer√≥bico Moderado: 2-3 Z4- High Aerobic/Aer√≥bico Intenso/Race Pace: 4-5 Z6- Threshold/Limiar: 6-7 Z8- Vo2: 8 Z10- Cap. Anaer√≥bica: 9-10","6796.77001953125","185","247","502.988"," *09/02/2025 SAAB SPORTS: Tem duvidas para o trino Joy? foi correr ja hoje?* *09/03/2025 Joyce Barros Lyra: Sim Corri 21h Na esteira . Pra controlar melhor a velocidade . E tb pq j√° estava tarde mesmo . Hj foi enrolado . Mas consegui alcan√ßar as metas estipuladas  para hoje no treino.* *09/03/2025 Joyce Barros Lyra: Check out my run on Stryd! https://www.stryd.com/powercenter/run/6192431028928512* *09/03/2025 SAAB SPORTS: nossa, as 21h... meu deus rs mas que bom que treinou! ta valendo que a esteira puxa bem para ativar essa questao de velocidade*","0.754013061523438","2.50399994850159","","148","","162","183","","","1.04918751653153","82.16","3","3","4","10","4","18","4","","","","1","1","1","29","10","4","","","","","4","5"
"OFF - IMUNIDADE BAIXA","Day Off","","","","2025-09-04","","","","","","","","","","","","","","","","","","","","","","","","","","","","","","","","","","","","","","",""
"Foco em z4 (Moderado firme)","Run","3km AQ 8km z4 2km leve","1.44222222222222","13000","2025-09-06","PSE - Percep√ß√£o Subjetiva de Esfor√ßo Z2- Low Aerobic/Aer√≥bico Leve: 1-2 Z3- Moderate Aerobic/Aer√≥bico Moderado: 2-3 Z4- High Aerobic/Aer√≥bico Intenso/Race Pace: 4-5 Z6- Threshold/Limiar: 6-7 Z8- Vo2: 8 Z10- Cap. Anaer√≥bica: 9-10","","","","","","","","","","","","","","","","","","","","","","","","","","","","","","","","","","","","","",""
"OFF","Day Off","","","","2025-09-07","","","","","","","","","","","","","","","","","","","","","","","","","","","","","","","","","","","","","","",""
"Rodagem 12k","Run","Aer√≥bico leve/ confort√°vel","1.41666666666667","12000","2025-09-07","PSE - Percep√ß√£o Subjetiva de Esfor√ßo Z2- Low Aerobic/Aer√≥bico Leve: 1-2 Z3- Moderate Aerobic/Aer√≥bico Moderado: 2-3 Z4- High Aerobic/Aer√≥bico Intenso/Race Pace: 4-5 Z6- Threshold/Limiar: 6-7 Z8- Vo2: 8 Z10- Cap. Anaer√≥bica: 9-10","8396.1396484375","138","244","643.835"," *09/07/2025 SAAB SPORTS: pq esta subindo dois treinos. Joyce?* *09/08/2025 Joyce Barros Lyra: N√£o sei ‚Ä¶ N√£o tenho ideia . Ser√° por causa do garmin e stryd?* *09/09/2025 SAAB SPORTS: tbm nao sei acho que nao √© do Strayd vc ta usando outra coisa?* *09/10/2025 Joyce Barros Lyra: N√£o . Somente o garmin e o stryd.* *09/10/2025 Joyce Barros Lyra: Eu tinha um outro rel√≥gio . Ele estava como desconectado . Agora eu exclui pra ver se faz diferen√ßa .*","1.29827916622162","1.7960000038147","","124","","146","184","","","0.91011840654414","106.99","31","10","4","4","3","13","13","","","","29","12","1","15","19","2","","","","","9","1"
"Lote de Lan√ßamento ‚Äì Macaquinho Saab Sports","Other","Lote de Lan√ßamento ‚Äì Macaquinho Saab Sports Estamos lan√ßando o macaquinho oficial Saab Sports, produzido pela Join! Valor: R$ 880,00 √† vista. Prazos de entrega Para quem vai competir no Ironman 70.3 SP ‚Üí dia 12/09 Para quem vai competir no Trof√©u Brasil ‚Üí dia 19/09 Pedidos at√© amanh√£ para garantir a entrega nessas datas. Ap√≥s esse prazo, o tempo de entrega ser√° de 60 dias, com pagamento de 50% no pedido e 50% na entrega. Interessados, me chamem no privado! (15) 99245-0404","","","2025-09-08","","","","","","","0.0411308333277702","","","","","69","77","","","0.541941601851827","1.24","2","0","0","0","0","0","0","","","","","","","","","","","","","","",""
"Regenerativo 40'","Run","Regenerativo","0.666666666666667","","2025-09-09","PSE - Percep√ß√£o Subjetiva de Esfor√ßo Z2- Low Aerobic/Aer√≥bico Leve: 1-2 Z3- Moderate Aerobic/Aer√≥bico Moderado: 2-3 Z4- High Aerobic/Aer√≥bico Intenso/Race Pace: 4-5 Z6- Threshold/Limiar: 6-7 Z8- Vo2: 8 Z10- Cap. Anaer√≥bica: 9-10","6096.89990234375","195","230","465.377","","0.660754978656769","2.56299996376038","","151","","169","182","","","1.09567829387269","78.28","2","2","2","2","3","5","24","","","","0","0","0","12","25","2","","","","","4","5"
"LIVE ENTRE TREINOS ‚Äì HOJE!","Other","LIVE ENTRE TREINOS ‚Äì HOJE!! √Äs 19h30, pelo Zoom, vamos falar sobre os BENEF√çCIOS DO TREINO DE FOR√áA PARA ENDURANCE. Link do Zoom: https://us06web.zoom.us/j/88690754545?pwd=iIytbWqZDM71bBxIk8UnjVACLhbP8o.1 Aberta para todos os atletas Saab! N√£o perca essa chance de evoluir nos treinos.","","","2025-09-09","","","","","","","","","","","","","","","","","","","","","","","","","","","","","","","","","","","","","","",""
"LIVE: ENTRE TREINOS SAAB SPORTS - DIA 09/09 √†s 19h30","Other","Nesta ter√ßa-feira teremos uma live imperd√≠vel para todos os atletas Saab Sports. Tema: Os benef√≠cios do treino de for√ßa para endurance Colocaremos o link no grupo de avisos na pr√≥xima semana.","","","2025-09-09","","","","","","","","","","","","","","","","","","","","","","","","","","","","","","","","","","","","","","",""
"Aviso de vencimento do plano de treinamento","Other","Aviso de Vencimento ‚Äì Plano de Treinamento. Seu plano de treino vence HOJE! Lembre-se de manter o pagamento em dia para evitar juros e multas por atraso. Dados para pagamento Pix (CPF): 048.635.329-03 ‚Äì Guilherme Benites ‚úÖ Caso j√° tenha realizado o pagamento, desconsidere essa mensagem. Ap√≥s o dep√≥sito, o comprovante deve ser enviado para Rosana no WhatsApp: +55 15 99245-0404, para que a baixa seja realizada corretamente.","","","2025-09-10","","","","","","","","","","","","","","","","","","","","","","","","","","","","","","","","","","","","","","",""
"LIVE: ENTRE TREINOS SAAB SPORTS - DIA 10/09 √†s 19h30","Other","Nesta quarta-feira teremos uma live imperd√≠vel para todos os atletas Saab Sports. Tema: Import√¢ncia da Recupera√ß√£o: Acompanhamento do Sono, Body Battery e HRV Exclusiva para mentorados Colocaremos o link no grupo de avisos N√£o perca a oportunidade de aprender como transformar seus treinos!","","","2025-09-10","","","","","","","","","","","","","","","","","","","","","","","","","","","","","","","","","","","","","","",""
"fartlek 5x 2'/3'","Run","15min aquec 25min 2min intenso 3min confort√°vel 5min trote leve","0.833333333333333","","2025-09-11","PSE - Percep√ß√£o Subjetiva de Esfor√ßo Z2- Low Aerobic/Aer√≥bico Leve: 1-2 Z3- Moderate Aerobic/Aer√≥bico Moderado: 2-3 Z4- High Aerobic/Aer√≥bico Intenso/Race Pace: 4-5 Z6- Threshold/Limiar: 6-7 Z8- Vo2: 8 Z10- Cap. Anaer√≥bica: 9-10","5551.2900390625","","","","","0.799646377563477","1.92799997329712","","127","","152","181","","","0.706317502389625","43.95","12","3","3","18","5","4","3","","","","","","","","","","","","","","",""
"OFF","Day Off","","","","2025-09-14","","","","","","","","","","","","","","","","","","","","","","","","","","","","","","","","","","","","","","",""
"Longo e Leve 1h25","Run","Hoje o treino deve ser feito em zona aer√≥bica/ intensidade baixa N√£o force o ritmo!","1.41666666666667","","2025-09-14","PSE - Percep√ß√£o Subjetiva de Esfor√ßo Z2- Low Aerobic/Aer√≥bico Leve: 1-2 Z3- Moderate Aerobic/Aer√≥bico Moderado: 2-3 Z4- High Aerobic/Aer√≥bico Intenso/Race Pace: 4-5 Z6- Threshold/Limiar: 6-7 Z8- Vo2: 8 Z10- Cap. Anaer√≥bica: 9-10","14795.58984375","185","267","1161.763"," *09/14/2025 Joyce Barros Lyra: Temp 27¬∞ C Umidade 73% Sa√≠da 06:00 Bananada sem a√ß√∫car , beta alanina , supercoffee , z2 pitaya Primeiros 5 km mantendo ritmo leve a moderado , na chegada na praia , fortes rajadas de vento que aumentaram muito a percep√ß√£o de esfor√ßo . Melhora significativa ao virar a favor do vento com 8 km. Z2 double expresso com 30 min e xtratus 40g com 60 min. Precisei comprar uma garrafinha de √°gua com 11km pq o sol come√ßou a marcar presen√ßa e minha √°gua tinha acabado . Mas n√£o demorei mais de 1 min . Segui at√© aprimoradamente 15km . Percebo que o flow come√ßa por volta de 6km . PSE m√©dia 4 Check out my run on Stryd! https://www.stryd.com/powercenter/run/6054475108614144* *09/14/2025 Joyce Barros Lyra: Tempo de corrida : 1:44 14,8 km* *09/14/2025 SAAB SPORTS: que otimo ja na casa dos 15k Joy!!! e sempre beba bastante agua, nao tem problema parar rapido par se hidratar, √© mto importante! quando ao ritmo , da pra ver que depois de uns 10min encaixa mais, pace de 6:48 depois tem umas paradas e variando um pouco, deve ser devido a essas rajadas ne!? mas o que achou do corpo respondendo depois do km 13 14? diferente? ( talita)* *09/17/2025 SAAB SPORTS: Oi maravilhosa! (Raquel aqui) intestino zero? a rotina antes de sair de casa foi legal?* *09/17/2025 Joyce Barros Lyra: Intestino sem queixas durante o treino .  Bananada sem a√ß√∫car , beta alanina , supercoffee e z2 pitaya.* *09/17/2025 Joyce Barros Lyra: PSE depois dos 13 foi boa . S√≥ continuei no ritmo constante at√© chegar na porta da minha casa .*","1.74130249023438","2.35999989509583","","151","","162","171","","","1.04090270851036","187.5","0","5","4","67","25","2","0","","","","1","1","2","63","35","2","","","","","4","5"
"Dia do Cliente com clube de benef√≠cios","Other","Clube de Benef√≠cios Saab Sports Aqui na Saab, voc√™ j√° larga na frente com a economia no seu dia a dia! Com o Clube Kaledo, voc√™ tem descontos exclusivos dos parceiros Saab Sports e de diversas marcas de produtos e servi√ßos. Para ter acesso √© simples: 1Ô∏è‚É£ Ter preenchido o cadastro Saab Sports; 2Ô∏è‚É£ Acesse o site: https://saabsports.suasvantagens.com.br/ 3Ô∏è‚É£ Ative a conta com seu CPF; 4Ô∏è‚É£ Aproveite todas as vantagens que preparamos para voc√™. Economize, aproveite e viva mais benef√≠cios com a Saab Sports! Em caso de d√∫vida ou problema no acesso, entre em contato pelo WhatsApp (15) 992450-2525","","","2025-09-15","","","","","","","","","","","","","","","","","","","","","","","","","","","","","","","","","","","","","","",""
"Vo2: 10x 1min","Run","20min z2/3 10x (1min vo2 1min parado) complete em ritmo leve","0.833333333333333","","2025-09-16","PSE - Percep√ß√£o Subjetiva de Esfor√ßo Z2- Low Aerobic/Aer√≥bico Leve: 1-2 Z3- Moderate Aerobic/Aer√≥bico Moderado: 2-3 Z4- High Aerobic/Aer√≥bico Intenso/Race Pace: 4-5 Z6- Threshold/Limiar: 6-7 Z8- Vo2: 8 Z10- Cap. Anaer√≥bica: 9-10","6413.89013671875","185","284","495.537"," *09/17/2025 Joyce Barros Lyra: Bom dia Tentei ir o mais r√°pido poss√≠vel sem olhar pro rel√≥gio . N√£o tomei nenhum carbo . Pr√© treino foi uma banana e supercoffee . Alem de creatina e Betalanina . Finalmente estou conseguindo manter a regularidade dos suplementos.* *09/17/2025 SAAB SPORTS: ebaaaaaa (Raquel aqui) e aparentemente voce entregou bem demaisss! achei ok nao ter suplementado carbo mas fica atenta ao cansa√ßo no restante do dia, se sentir um cansa√ßo al√©m do normal, vale usar nos pr√≥ximos treinos parecidos pelo menos um sudract ou outro gel de 20g de carbo*","0.741270303726196","2.40300011634827","","146","","159","181","","","1.11504923380051","91.28","2","5","8","16","6","3","5","","","","8","2","1","9","15","10","","","","","",""
"Running","Run","","","","2025-09-16","","6413.89013671875","185","284","495.537"," *09/16/2025 Joyce Barros Lyra: Bom dia Tentei ir o mais r√°pido poss√≠vel sem olhar pro rel√≥gio . N√£o tomei nenhum carbo . Pr√© treino foi uma banana e supercoffee . Alem de creatina e Betalanina . Finalmente estou conseguindo manter a regularidade dos suplementos.*","0.741270303726196","2.40300011634827","","146","","159","181","","","1.11504923380051","91.28","2","5","8","16","6","3","5","","","","8","2","1","9","15","10","","","","","7","3"
"Aer√≥bico Leve","Run","aer√≥bico leve","0.925555555555556","","2025-09-19","PSE - Percep√ß√£o Subjetiva de Esfor√ßo Z2- Low Aerobic/Aer√≥bico Leve: 1-2 Z3- Moderate Aerobic/Aer√≥bico Moderado: 2-3 Z4- High Aerobic/Aer√≥bico Intenso/Race Pace: 4-5 Z6- Threshold/Limiar: 6-7 Z8- Vo2: 8 Z10- Cap. Anaer√≥bica: 9-10","","","",""," *09/19/2025 SAAB SPORTS: mudei pra 8k*","","","","","","","","","","","","","","","","","","","","","","","","","","","","","","","","",""
"4x 2km Race Pace z4/5","Run","3km aquec. 4x 2km race pace com 2min 3km leve","1.60083333333333","14000","2025-09-20","PSE - Percep√ß√£o Subjetiva de Esfor√ßo Z2- Low Aerobic/Aer√≥bico Leve: 1-2 Z3- Moderate Aerobic/Aer√≥bico Moderado: 2-3 Z4- High Aerobic/Aer√≥bico Intenso/Race Pace: 4-5 Z6- Threshold/Limiar: 6-7 Z8- Vo2: 8 Z10- Cap. Anaer√≥bica: 9-10","","","","","","","","","","","","","","","","","","","","","","","","","","","","","","","","","","","","","",""
"OFF","Day Off","","","","2025-09-21","","","","","","","","","","","","","","","","","","","","","","","","","","","","","","","","","","","","","","",""
"Aer√≥bico Leve","Run","aer√≥bico leve","1.17166666666667","10000","2025-09-23","PSE - Percep√ß√£o Subjetiva de Esfor√ßo Z2- Low Aerobic/Aer√≥bico Leve: 1-2 Z3- Moderate Aerobic/Aer√≥bico Moderado: 2-3 Z4- High Aerobic/Aer√≥bico Intenso/Race Pace: 4-5 Z6- Threshold/Limiar: 6-7 Z8- Vo2: 8 Z10- Cap. Anaer√≥bica: 9-10","10002.51953125","193","286","803.12"," *09/23/2025 Joyce Barros Lyra: Check out my run on Stryd! https://www.stryd.com/powercenter/run/6186521529319424* *09/24/2025 SAAB SPORTS: deu tudo certo ne? se sentiu bem Jo?* *09/24/2025 Joyce Barros Lyra: Simm Deu tudo certo. 10 km tranquilos .*","1.15443551540375","2.40700006484985","","154","","162","173","","","1.08301812206297","134.57","2","2","3","42","20","1","0","","","","0","0","0","34","30","5","","","","","4","5"
"Limiar/Vo2 20min (1min x 1min)","Run","15min aquecimento leve 20min (1min forte. 1min leve) completar em ritmo confort√°vel","0.75","","2025-09-25","PSE - Percep√ß√£o Subjetiva de Esfor√ßo Z2- Low Aerobic/Aer√≥bico Leve: 1-2 Z3- Moderate Aerobic/Aer√≥bico Moderado: 2-3 Z4- High Aerobic/Aer√≥bico Intenso/Race Pace: 4-5 Z6- Threshold/Limiar: 6-7 Z8- Vo2: 8 Z10- Cap. Anaer√≥bica: 9-10","4291.580078125","184","265","388.348"," *09/29/2025 SAAB SPORTS: como se sentiu nesses mais fortinho Joy?* *10/01/2025 Joyce Barros Lyra: Me senti bem , esse fiz na esteira. S√≥ os 10 min finais que do caminhando pq estava cansada j√° .*","0.585078299045563","2.03800010681152","","139","","161","179","","","1.10685775757956","70.63","2","1","4","13","7","6","2","","","","4","1","0","10","12","9","","","","","",""
"Running","Run","","","","2025-09-25","","4291.580078125","184","265","388.348"," *09/25/2025 Joyce Barros Lyra: √öltimos 10 min fiz caminhando . Encerrei o treino no garmin ap√≥s √∫ltimo tiro .*","0.585078299045563","2.03800010681152","","139","","161","179","","","1.10685775757956","70.63","2","1","4","13","7","6","2","","","","4","1","0","10","12","9","","","","","7","3"
"OFF","Day Off","","","","2025-09-27","","","","","","","","","","","","","","","","","","","","","","","","","","","","","","","","","","","","","","",""
"OFF","Day Off","","","","2025-09-28","","","","","","","","","","","","","","","","","","","","","","","","","","","","","","","","","","","","","","",""
"4x 2K Race Pace x 2K Leve","Run","Aquecimento 2k 4x 2k leve 2k race pace","1.72444444444444","16000","2025-09-28","PSE - Percep√ß√£o Subjetiva de Esfor√ßo Z2- Low Aerobic/Aer√≥bico Leve: 1-2 Z3- Moderate Aerobic/Aer√≥bico Moderado: 2-3 Z4- High Aerobic/Aer√≥bico Intenso/Race Pace: 4-5 Z6- Threshold/Limiar: 6-7 Z8- Vo2: 8 Z10- Cap. Anaer√≥bica: 9-10","18010.5390625","189","236","1393.007"," *09/28/2025 Joyce Barros Lyra: 1 banana + z2 pitaya antes de sair Beta alanina + creatina Sa√≠da 05:30 Sai num ritmo lento at√© completar o aquecimento . Z2 double expresso com 35 min . Mesmo ciente que a gen√©tica n√£o √© favor√°vel , segui com o planejado. Xtratus 40g com 1 hora de treino . Outro gel 25g com 1h30min . Bebi 750 ml de √°gua durante o treino . Estava bem disposta e completei 18km . Desconforto na f√°scia plantar regi√£o antero medial do calc√¢neo direito . Pontinho doloroso massageado com grip ball.* *09/28/2025 Joyce Barros Lyra: Check out my run on Stryd! https://www.stryd.com/powercenter/run/4777059073556480* *09/29/2025 SAAB SPORTS: Preferiu continuar com a cafeina, Joy? nao quis testar sem o gel de cafeina? falou disso com a Raquel? como ficou depois a dor hj?? melhorou? quero que cuide disso essa semana.. e se estiver doendo, nao corra o proximo treino ta? quanto ao treino, foi otimo so precisamos ter paces mais discrepantes um do outro em treinos como esses como algo de 30segundos ao menos de diferen√ßa do leve para o race pace ta?* *10/01/2025 Joyce Barros Lyra: Entendi . O pr√≥ximo vai ser melhor . üôèüèª*","2.0404806137085","2.45199990272522","","154","","163","185","","","1.06190425153846","229.02","4","11","7","29","36","33","2","","","","0","0","2","64","53","3","","","","","5","3"
"Aer√≥bico confort√°vel","Run","aer√≥bico confort√°vel (de prefer√™ncia, incluir um pouco de subida)","1","","2025-09-30","PSE - Percep√ß√£o Subjetiva de Esfor√ßo Z2- Low Aerobic/Aer√≥bico Leve: 1-2 Z3- Moderate Aerobic/Aer√≥bico Moderado: 2-3 Z4- High Aerobic/Aer√≥bico Intenso/Race Pace: 4-5 Z6- Threshold/Limiar: 6-7 Z8- Vo2: 8 Z10- Cap. Anaer√≥bica: 9-10","6139.2099609375","177","226","475.789"," *10/01/2025 SAAB SPORTS: pq fez menos/? ta tudo bem?* *10/02/2025 Joyce Barros Lyra: Fiz menos pq calculei mal a volta pra casa . Era pra ter terminado com 50 min . J√° estava meio tarde e acelerei um pouco na volta . Cheguei a um pace de quase 5 .*","0.746038615703583","2.28600001335144","","148","","160","177","","","0.99464597618027","72.98","1","4","5","17","14","2","2","","","","0","0","6","31","7","0","","","","","4",""
"Running","Run","","","","2025-09-30","","6139.2099609375","177","226","475.789","","0.746038615703583","2.28600001335144","","148","","160","177","","","0.99464597618027","72.98","1","4","5","17","14","2","2","","","","0","0","6","31","7","0","","","","","4",""
"4x8min Race Pace ( Moderado)","Run","5min Aer√≥bico Leve, 3min Aer√≥bico Moderado, 3min Aer√≥bico Leve 4 x (8min Aer√≥bico Race pace/ firme com 2min leve). Complete em trote leve 5min","0.933333333333333","","2025-10-02","PSE - Percep√ß√£o Subjetiva de Esfor√ßo Z2- Low Aerobic/Aer√≥bico Leve: 1-2 Z3- Moderate Aerobic/Aer√≥bico Moderado: 2-3 Z4- High Aerobic/Aer√≥bico Intenso/Race Pace: 4-5 Z6- Threshold/Limiar: 6-7 Z8- Vo2: 8 Z10- Cap. Anaer√≥bica: 9-10","8244.75","184","231","629.847"," *10/02/2025 Joyce Barros Lyra: Check out my run on Stryd! https://www.stryd.com/powercenter/run/4884321209319424* *10/02/2025 Joyce Barros Lyra: Treino foi bom , em alguns momentos dei meu m√°ximo , em alguns intervalos de descanso caminhei para conseguir beber √°gua . O vento interfere muito na percep√ß√£o de esfor√ßo . Veja gr√°fico da resist√™ncia do vento no stryd. Achei que consegui sustentar bem o ritmo principalmente no terceiro tiro de 8 min .*","0.95114529132843","2.40799999237061","","153","","163","183","","","1.04197021275885","102.63","1","3","6","17","14","8","8","","","","1","2","3","29","20","2","","","","","5","3"
"PEDIDO UNIFORMES AT√â HOJE!","Other","Aten√ß√£o, atletas! Quem ainda n√£o garantiu sua camiseta de corrida ou camisa de ciclismo, temos um novo lote j√° est√° em fabrica√ß√£o. Prazo para pedidos: at√© HOJE 03/10 Fa√ßa seu pedido aqui: https://almyiik0dud.typeform.com/to/hBCmAjxH Informa√ß√µes importantes: * Entrega: at√© 40 dias ap√≥s o envio do pedido ao fornecedor (Mynd) * Pagamento: em at√© 2x‚Ä¢ 1¬™ parcela at√© 05/10‚Ä¢ 2¬™ parcela na entrega * Frete: por conta do atleta Dados para pagamento (Pix):Chave Pix: CNPJ 45.651.589/0001-26Raz√£o Social: SAAB SPORTS MARKETING ESPORTIVO LTDA","","","2025-10-03","","","","","","","","","","","","","","","","","","","","","","","","","","","","","","","","","","","","","","",""
"14K Race Pace","Run","5k aquec 13k race pace 1k leve","2.00861111111111","19000","2025-10-04","PSE - Percep√ß√£o Subjetiva de Esfor√ßo Z2- Low Aerobic/Aer√≥bico Leve: 1-2 Z3- Moderate Aerobic/Aer√≥bico Moderado: 2-3 Z4- High Aerobic/Aer√≥bico Intenso/Race Pace: 4-5 Z6- Threshold/Limiar: 6-7 Z8- Vo2: 8 Z10- Cap. Anaer√≥bica: 9-10","","","",""," *09/28/2025 SAAB SPORTS: aqui subir para 5km o aquecimento e nao so 3*","","","","","","","","","","","","","","","","","","","","","","","","","","","","","","","","",""
"Running","Run","","","","2025-10-05","","18845.439453125","54","232","455.785","","2.32332706451416","2.25300002098083","","149","","164","178","","","0.755204235214685","132.13","2","5","11","43","48","27","3","","","","98","0","2","28","11","1","","","","","5","3"
"Running","Run","","","","2025-10-05","","18845.439453125","54","232","455.785","","2.32332706451416","2.25300002098083","","149","","164","178","","","0.755204235214685","132.13","2","5","11","43","48","27","3","","","","98","0","2","28","11","1","","","","","",""
"semana regenerativa","Other","","","","2025-10-06","","","","","","","","","","","","","","","","","","","","","","","","","","","","","","","","","","","","","","",""
"Regenerativo 40'","Run","regenerativo","0.666666666666667","","2025-10-07","PSE - Percep√ß√£o Subjetiva de Esfor√ßo Z2- Low Aerobic/Aer√≥bico Leve: 1-2 Z3- Moderate Aerobic/Aer√≥bico Moderado: 2-3 Z4- High Aerobic/Aer√≥bico Intenso/Race Pace: 4-5 Z6- Threshold/Limiar: 6-7 Z8- Vo2: 8 Z10- Cap. Anaer√≥bica: 9-10","","","",""," *10/07/2025 SAAB SPORTS: nao deixa para correr tarde ta?*","","","","","","","","","","","","","","","","","","","","","","","","","","","","","","","","",""
"Longo Progressivo","Run","Progressivo: 25 min Z2 (Aer√≥bico Leve) 20 min Z3 (Aer√≥bico Moderado) 15 min Z4 (Aer√≥bico Intenso) 10 min leve em Z2 (Aer√≥bico Leve)","0.916666666666667","","2025-10-09","PSE - Percep√ß√£o Subjetiva de Esfor√ßo Z2- Low Aerobic/Aer√≥bico Leve: 1-2 Z3- Moderate Aerobic/Aer√≥bico Moderado: 2-3 Z4- High Aerobic/Aer√≥bico Intenso/Race Pace: 4-5 Z6- Threshold/Limiar: 6-7 Z8- Vo2: 8 Z10- Cap. Anaer√≥bica: 9-10","5404.35986328125","","",""," *10/10/2025 SAAB SPORTS: so apra deixar resgitrado que parou para atender telefone.. legal que o Nitrato ta fazendo efeito*","0.611772775650024","2.4539999961853","","149","","163","177","","","0.803787767244343","43.3","2","3","2","9","6","14","1","","","","","","","","","","","","","","3","5"
"Rodagem 17k","Run","Aer√≥bico leve/ confort√°vel","1.94194444444444","17000","2025-10-11","PSE - Percep√ß√£o Subjetiva de Esfor√ßo Z2- Low Aerobic/Aer√≥bico Leve: 1-2 Z3- Moderate Aerobic/Aer√≥bico Moderado: 2-3 Z4- High Aerobic/Aer√≥bico Intenso/Race Pace: 4-5 Z6- Threshold/Limiar: 6-7 Z8- Vo2: 8 Z10- Cap. Anaer√≥bica: 9-10","","","",""," *10/08/2025 SAAB SPORTS: Junto com Jorge come√ßa no 7:00/ 7:05 depois dos 15 acelera se der*","","","","","","","","","","","","","","","","","","","","","","","","","","","","","","","","",""
"OFF","Day Off","","","","2025-10-12","","","","","","","","","","","","","","","","","","","","","","","","","","","","","","","","","","","","","","",""
"Rodagem 15k","Run","Aer√≥bico leve/ confort√°vel","1.71361111111111","15000","2025-10-14","PSE - Percep√ß√£o Subjetiva de Esfor√ßo Z2- Low Aerobic/Aer√≥bico Leve: 1-2 Z3- Moderate Aerobic/Aer√≥bico Moderado: 2-3 Z4- High Aerobic/Aer√≥bico Intenso/Race Pace: 4-5 Z6- Threshold/Limiar: 6-7 Z8- Vo2: 8 Z10- Cap. Anaer√≥bica: 9-10","13971.01953125","193","257","1092.314"," *10/14/2025 SAAB SPORTS: treino com Jorge ne?* *10/17/2025 Joyce Barros Lyra: Sim ‚ô•Ô∏è*","1.57169723510742","2.46900010108948","","157","","168","180","","","1.07750868773776","181.58","1","2","3","15","21","33","19","","","","0","0","0","41","50","3","","","","","5","5"
"Running","Run","","","","2025-10-14","","13971.01953125","193","257","1092.314","","1.57169723510742","2.46900010108948","","157","","168","180","","","1.07750868773776","181.58","1","2","3","15","21","33","19","","","","0","0","0","41","50","3","","","","","4","5"
"5x5min Z4 (Aer√≥bico Intenso)","Run","15 min Aquecimento Z2 (Aer√≥bico Leve) 5x: 5 min Z4 (Aer√≥bico Intenso) 2 min Z2 (Aer√≥bico Leve) Bem leve para recuperar e fazer o pr√≥ximo est√≠mulo em boa forma. 10 min leve em Z2 (Aer√≥bico Leve)","1","","2025-10-16","PSE - Percep√ß√£o Subjetiva de Esfor√ßo Z2- Low Aerobic/Aer√≥bico Leve: 1-2 Z3- Moderate Aerobic/Aer√≥bico Moderado: 2-3 Z4- High Aerobic/Aer√≥bico Intenso/Race Pace: 4-5 Z6- Threshold/Limiar: 6-7 Z8- Vo2: 8 Z10- Cap. Anaer√≥bica: 9-10","","","","","","","","","","","","","","","","","","","","","","","","","","","","","","","","","","","","","",""
"3x 3k progressivo - sozinha .. definir","Run","5k aquec 3x 3k progressivo a cada est√≠mulo de 3k (z4, z5, z6) Descanso 3min parado 2k leve","1.83083333333333","16000","2025-10-18","PSE - Percep√ß√£o Subjetiva de Esfor√ßo Z2- Low Aerobic/Aer√≥bico Leve: 1-2 Z3- Moderate Aerobic/Aer√≥bico Moderado: 2-3 Z4- High Aerobic/Aer√≥bico Intenso/Race Pace: 4-5 Z6- Threshold/Limiar: 6-7 Z8- Vo2: 8 Z10- Cap. Anaer√≥bica: 9-10","","","","","","","","","","","","","","","","","","","","","","","","","","","","","","","","","","","","","",""
"OFF","Day Off","","","","2025-10-19","","","","","","","","","","","","","","","","","","","","","","","","","","","","","","","","","","","","","","",""
"Rodagem 18k - JORGE","Run","Aer√≥bico leve/ confort√°vel","2.05611111111111","18000","2025-10-19","PSE - Percep√ß√£o Subjetiva de Esfor√ßo Z2- Low Aerobic/Aer√≥bico Leve: 1-2 Z3- Moderate Aerobic/Aer√≥bico Moderado: 2-3 Z4- High Aerobic/Aer√≥bico Intenso/Race Pace: 4-5 Z6- Threshold/Limiar: 6-7 Z8- Vo2: 8 Z10- Cap. Anaer√≥bica: 9-10","","","","","","","","","","","","","","","","","","","","","","","","","","","","","","","","","","","","","",""
"Regenerativo","Run","regenerativo","1","","2025-10-21","PSE - Percep√ß√£o Subjetiva de Esfor√ßo Z2- Low Aerobic/Aer√≥bico Leve: 1-2 Z3- Moderate Aerobic/Aer√≥bico Moderado: 2-3 Z4- High Aerobic/Aer√≥bico Intenso/Race Pace: 4-5 Z6- Threshold/Limiar: 6-7 Z8- Vo2: 8 Z10- Cap. Anaer√≥bica: 9-10","","","",""," *10/21/2025 SAAB SPORTS: Mudei aqui para 1h para vcs correrem ta!?*","","","","","","","","","","","","","","","","","","","","","","","","","","","","","","","","",""
"2.5km (300m/200m)","Run","15min aquecimento leve 2.5km (300m limiar/ 200m trote leve) completar em ritmo leve","0.623055555555556","","2025-10-23","PSE - Percep√ß√£o Subjetiva de Esfor√ßo Z2- Low Aerobic/Aer√≥bico Leve: 1-2 Z3- Moderate Aerobic/Aer√≥bico Moderado: 2-3 Z4- High Aerobic/Aer√≥bico Intenso/Race Pace: 4-5 Z6- Threshold/Limiar: 6-7 Z8- Vo2: 8 Z10- Cap. Anaer√≥bica: 9-10","","","","","","","","","","","","","","","","","","","","","","","","","","","","","","","","","","","","","",""
